Poison_Ratio,FedAvg,DynamicFuzzy
0.0,96.11815943950009,95.62582844158304
0.2,95.15243325127817,95.94773717099034
