Poison_Ratio,FedAvg,DynamicFuzzy
0.0,96.0802878242757,95.81518651770499
0.2,96.00454459382692,95.20924067411475
